id,name
n1833Kc5dSR,49+Yrs
JPgETYeD4qF,(Pre-) Eclampsia
pFWa2AXustr,0
NrTP4cAHuVV,0 - 28 days
TOdlPOIXhQZ,0 doses
cm7a3vl1mg6,0 – 11 Months
Z4Cvv1xc0uO,0-14 weeks 
PBve1eTxM0u,0-14Yrs
WVBISFoAYLv,0-14Yrs
zJubXBbPeza,0-14Yrs
Vo91v4Lpsb7,0-15 Yrs
W021tHN2MrE,0-15 Yrs
RlsIK5m8Fha,"0-15 Yrs, Inpatient, Female"
yH3QJt96uk6,"0-15 Yrs, Inpatient, Male"
S7HJecPawt8,"0-15 Yrs, New Cases, Female"
PsnpPKJYOmK,"0-15 Yrs, New Cases, Male"
HOa9JfjosKb,"0-15 Yrs, Subsequent Cases, Female"
yizKNxYXDZf,"0-15 Yrs, Subsequent Cases, Male"
NSorFsagfxe,0-24hrs
WeO5Aw9qXg6,0-24hrs
mWlaam8NFPS,0-4 Yrs
Dz50gosV7Tj,"0-4 Yrs, Female"
RjA2BgU1Ba2,"0-4 Yrs, Male"
NOdCgj0995Q,"0-4 Yrs, New Cases, Female"
VeUmLPXyfWs,"0-4 Yrs, New Cases, Male"
ut3qCPvQlmh,"0-4 Yrs, Relapses, Female"
YPc9MJNhbno,"0-4 Yrs, Relapses, Male"
rAVp3rNExrb,0-5Yrs
mjSq9NESPn4,1
Ifu6sA6RNMm,1 month - 5 years
RW60ncX5w5X,1 to 5yrs
at4vrWj2Hwm,1 to 5yrs
DpcJzaDAWzR,1 to <12mon
k4v9J3TbGKC,1 to <12mon
GDhAwlfn7is,1 – 14 Yrs
L02BzdmOqKP,1*3 doses
JCfvJh0ZnEb,1-28days
lDN24FIjdvQ,1-28days
O0LoQNMakRV,10
EAQFwmT9ZAr,10-14Yrs
PMPDwPtyrYG,10-14Yrs
XSi1fttCRhi,10-14Yrs
aTTNiRHHG8q,10-14Yrs
mlFlhaYyp4U,10-14Yrs
CqCmJ1p3slL,"10-14Yrs, Female"
jSlRLpMHGRI,"10-14Yrs, Male"
on0Cniozxsc,10M-14Yrs +ve
ymfwokNVvV2,10M-14Yrs -ve
FbZYYu11JA9,12 - 15 Years
G8DMC3toKOB,12 - 15 Years
DQYIzMHmg5P,"12 - 15 Years, Cured"
VTNW1Z0oYez,"12 - 15 Years, Defaulted"
Rr3SQPpNrSi,"12 - 15 Years, Died"
F3ynpPoj6gS,"12 - 15 Years, Female"
j0Nt0aKBe1r,"12 - 15 Years, Female"
zuKe3S7Ji3x,"12 - 15 Years, Hospital"
D4BsTzBA1P6,"12 - 15 Years, Male"
rpgrdW0aj1m,"12 - 15 Years, Male"
xEsIFkv9kOn,"12 - 15 Years, Medical Transfers"
Snx04u7mC2P,"12 - 15 Years, Non Cured"
gHhdeMBa6cX,"12 - 15 Years, OTP"
LtjeJ3T9ho5,"12 - 15 Years, Other"
qRvdEdI0gYO,"12 - 15 Years, Other"
M5P5o275E6Y,"12 - 15 Years, Stabilized to OTP"
e6tut7p8b3U,"12 - 23 Months, Female, Outreach"
sVUMSUwxQyj,"12 - 23 Months, Female, Static"
XAPWPhdXPpN,"12 - 23 Months, Male, Outreach"
mVBoBn7kcA3,"12 - 23 Months, Male, Static"
sE59AYPpDzV,"12 - 23 Months, Outreach"
nB36VubTAWb,"12 - 23 Months, Static"
gB0W63Kq6AZ,"12 - 59 Months (1st Dose), Female, Outreach"
FpdeEDs8TIP,"12 - 59 Months (1st Dose), Female, Static"
rumJgZkdY47,"12 - 59 Months (1st Dose), Male, Outreach"
KgiMiWs1E8P,"12 - 59 Months (1st Dose), Male, Static"
DelguUiaDgQ,"12 - 59 Months (1st Dose), Outreach"
CRLR2mJxlDh,"12 - 59 Months (1st Dose), Static"
YX1pZruthcL,"12 – 24 Months, Female"
im8FNg86O6u,"12 – 24 Months, Male"
aS7ec9d6Bs6,12-18 Yrs
iBqBDxKMZqj,12-18 Yrs
cLag5SKZDCo,"12-18 Yrs, Default"
Ya5xoWk6Omd,"12-18 Yrs, Died"
wkPiCnpAU0o,"12-18 Yrs, Non-recovered"
wtszaAD2R7M,"12-18 Yrs, Transferred out"
o8O3wb34Psm,"12-18 Yrs, Transitioned"
HkOtcqfvCjX,12-59M
uM7XOd0Wkt3,12-59M
bOm0z4RL0Qi,"12-59M, > 24Hrs"
V0gZfrKMHeZ,"12-59M, Within 24Hrs"
LOwbZVHs8U1,"12-­59 Months, Outreach"
Xp3nANhRbfh,"12-­59 Months, Static"
RMZuxCQBter,"12M, Checked Data"
aPwO4valpQY,"12M, Clinic Own Data"
hGXCz93cOZz,"13 - 59 Months (2nd Dose), Female, Outreach"
UWrsmTpB3fF,"13 - 59 Months (2nd Dose), Female, Static"
tsqT0XhqObc,"13 - 59 Months (2nd Dose), Male, Outreach"
PRPdhssSeW6,"13 - 59 Months (2nd Dose), Male, Static"
UZ80iHM7Ta7,"13 - 59 Months (2nd Dose), Outreach"
kwL7tcT1Y2F,"13 - 59 Months (2nd Dose), Static"
O3Acs77i2ms,13 -18 yrs
TDLxcOwEwg0,13 -18 yrs
Ockw6F1QnVV,13-19Yrs
jqpPNpWmvFK,13-19Yrs
LuPtdzVNC2d,15 to 60yrs
cDpW8ITeZMg,15 to 60yrs
ZHWmZYVHPOY,15-19 Yrs
ZycvCzY20oe,15-19 Yrs
c9MkoUdojej,15-19 Yrs
BNYFgerCQCT,15-19Yrs
CV32WxGBFKR,15-19Yrs
F5knYtjFPaJ,15-19Yrs
Wpj3GMmS0fQ,15-19Yrs
s2nld9d5mKU,15-19Yrs
wWJw9rfAl25,15-19Yrs
z322CE25umu,15-19Yrs
ape9HrHOEQr,"15-19Yrs, Female"
urvemb7dhIv,"15-19Yrs, Male"
nv7fT2s0sVF,15-24Yrs
ECXdZZqg0pR,"15-24Yrs, Female"
Vdrf8wx5EwE,"15-24Yrs, Male"
z32FZEYh7Nr,"15-24Yrs, New Cases, Female"
cfa40pwWoJf,"15-24Yrs, New Cases, Male"
cYmjQK4RcDr,"15-24Yrs, Relapses, Female"
DJpHwiD7BBB,"15-24Yrs, Relapses, Male"
M62DdajXPcM,15-25Yrs +ve
GqXPljA0VtV,15-25Yrs -ve
zC5AD0XrSVh,15-27 weeks 
WCzz4N1dYJ1,16+ Yrs
wxfxL34CIFC,16+ Yrs
vy72wnrRMLi,"16+ Yrs, Inpatient, Female"
lbdAzjLHwfz,"16+ Yrs, Inpatient, Male"
Rm91xFp9Egy,"16+ Yrs, New Cases, Female"
JDuhiGsybYF,"16+ Yrs, New Cases, Male"
VXE0ferwNgA,"16+ Yrs, Subsequent Cases, Female"
hPdP8TZJ8Mx,"16+ Yrs, Subsequent Cases, Male"
ojckKl8362P,16-39 Yrs
cJU1f2g1DM6,17+Yrs
KqIUXm8r4wH,19 - 23yrs
pSj9RAOoD41,19 - 23yrs
WZ7RFKVoSIP,19-25Yrs
Uw4iOKNO0ON,19-34
BJuoTxZNsWT,2
BoFeX9J5AVJ,"2 – 12 Months, Female"
lKl77wlRBtt,"2 – 12 Months, Male"
eo6j7NLIHXt,2*3 doses
JkPVYDM0pqQ,2-11M
qQjjIH7HFZM,2-11M
cmiNOmGkKim,"2-11M, > 24Hrs"
HoSF8nHNt8n,"2-11M, Within 24Hrs"
NI9YlWFqNyz,2-4M
DhWbVRvW5PG,20 + Yrs
P9uff8CxUTi,20 + Yrs
eVnff2tSRru,20 + Yrs
ChSJITSWhNs,20-24Yrs
EvvEmErQhg5,20-24Yrs
KdfTs4BLDiJ,20-24Yrs
XJRR0au4NHU,20-24Yrs
iKMaxFNApJt,20-24Yrs
sezvcKEBuPm,20-24Yrs
wpkNVY7K2Rx,20-24Yrs
S6inAeCJXdT,"20-24Yrs, Female"
inWtTNCDcjS,"20-24Yrs, Male"
RhxvAqdLON1,20-29 Yrs
SGLoZ4PLayW,20-34Yrs
uL476ivUFaD,20-34Yrs
xgsrY4uRKWC,20Yrs
mAcNlntVW6y,"24 - 59 Months, Female, Outreach"
OX3bT0qfrwH,"24 - 59 Months, Female, Static"
sNWb5qxiOkh,"24 - 59 Months, Male, Outreach"
p7xCFOF37EI,"24 - 59 Months, Male, Static"
yHjAeb2FeKo,"24 - 59 Months, Outreach"
hWep1DrZyg7,"24 - 59 Months, Static"
H2OOyciBYxS,24-59 months
eP2r5XoPVj1,"24-59 months, Female"
T0XaHrRFXk9,"24-59 months, Male"
rBaLPNnSFqr,24-72Hrs
AZsbxjiFMeB,"24M, Checked Data"
PQDjbxmVnde,"24M, Clinic Own Data"
GZC0TCVcaQ5,24  + yrs
KBQxomJyz03,24  + yrs
jEeW2BCghbI,24  + yrs
t3TqjDevKp2,24  + yrs
ysI1GG94e4U,24  + yrs
hKGA2LFq9vr,25 - 49 Years
I8frMVSUxa2,25+ Yrs
q0RAhaxeaOz,25+ Yrs
GXRN8PCCWCH,25-29Yrs
K2MGMQxj2V5,25-29Yrs
MKD2IQQUEge,25-29Yrs
jzfiWpTzeEO,25-29Yrs
CQW54P0uXk6,"25-29Yrs, HIV +ve"
pOyWwuScS0h,"25-29Yrs, HIV -ve"
Cx8DECnOLjR,"25-29Yrs, Unknown"
TkJQi0vfvnn,"25-34Yrs, Female"
Wq5f9B7F1gm,"25-34Yrs, Male"
xAUdeeW0737,"25-34Yrs, New Cases, Female"
AmVu0ykByBF,"25-34Yrs, New Cases, Male"
mfyyz3WJF1h,"25-34Yrs, Relapses, Female"
I4XGuiF9svS,"25-34Yrs, Relapses, Male"
DSX9MfMCJHE,25Yrs-Older +ve
esPo670CS8X,25Yrs-Older -ve
nujvNyUomuq,26-35Yrs
M99fDbed9d3,"2M, Checked Data"
LnsGpzejyZG,"2M, Clinic Own Data"
rmRKesTpAHl,3
VLox78qUH0N,30 - 45 Yrs
aLc4Np70SQu,30-34Yrs
fUpcyhXXXes,30-34Yrs
pt1ihaRZe09,30-34Yrs
EsmssyA8SQR,30-35 Yrs
t1vNwY0BoOt,30-44Yrs
e2i2Ng1NJ6i,"30-44Yrs, HIV +ve"
q4b1abjH96E,"30-44Yrs, HIV -ve"
I00uJR7C44w,"30-44Yrs, Unknown"
L73qw3DNZjP,35-39Yrs
MvQifVovz6K,35-39Yrs
xseUj5Foir7,35-39Yrs
jRN1QXZ8rLR,35-44Yrs
pjr1XXZTkPg,"35-44Yrs, Female"
IUuqS7nFgeR,"35-44Yrs, Male"
eAz684ZlQqb,"35-44Yrs, New Cases, Female"
RckKui0qBmi,"35-44Yrs, New Cases, Male"
qkUjK5RwXUW,"35-44Yrs, Relapses, Female"
vNyzzuxvC95,"35-44Yrs, Relapses, Male"
BMkD7PKaBHi,35Yrs+
ei7vBedQuvU,35Yrs+
FRW2RI44ESS,36-49Yrs
T2dV5QFTiQd,36-59M
Y2ecRCWNWoZ,4
T3vSop14Yuw,40-44Yrs
nV28vy9bwUe,40-44Yrs
rzMnr6fJbHQ,40-44Yrs
ZtikbwCoNfo,45 - 49Yrs
jbM3DPWv3ba,45 - 49Yrs
kmaWdAZwgT1,"45 - 49Yrs, HIV +ve"
XIG0KuNONoI,"45 - 49Yrs, HIV -ve"
iIh65zqKOl5,"45 - 49Yrs, Unknown"
UHzYWducU58,45+Yrs
pqkLCEskLGw,45-48Yrs
xW63d8uLHJn,45-49 years
AB22Ply91jn,"45-54Yrs, Female"
AB3KQaE3XVo,"45-54Yrs, Male"
Fl9M5yNRsLz,"45-54Yrs, New Cases, Female"
eADKi5HuuTe,"45-54Yrs, New Cases, Male"
y7wkoqe1pb2,"45-54Yrs, Relapses, Female"
Iez8y2MyfqT,"45-54Yrs, Relapses, Male"
xileT9u00z2,48Hrs
KCz7SBxCk24,49+Yrs
yzsTEo8bq8h,"49+Yrs, HIV +ve"
DEHS8A0nsdr,"49+Yrs, HIV -ve"
mrYx6IDVfnq,"49+Yrs, Unknown"
s8s23cIxV05,5
LODi7Iw7MQM,5-12Yrs
SlfEXH6IgNq,5-12Yrs
q4Z5FfRJw9i,5-12Yrs
auhCx02Iqvk,"5-12Yrs, > 24Hrs"
IFYvEZSdV8y,"5-12Yrs, Female"
imvhCBDKn4z,"5-12Yrs, Female"
kdKUt3HDzLM,"5-12Yrs, HIV Positive with MAM"
Off1MqhoHtZ,"5-12Yrs, Male"
XED2LxQyHDi,"5-12Yrs, Male"
vw5k1HUgpEK,"5-12Yrs, Within 24Hrs"
Y7xWesUrk8H,5-14Yrs
rVNcJyi6o7r,5-14Yrs
R0IwltacI1Q,"5-14Yrs, Female"
y3f9CSRxUmn,"5-14Yrs, Male"
yEvrpjGPaP2,"5-14Yrs, New Cases, Female"
P8UvRDPiklg,"5-14Yrs, New Cases, Male"
EbRMUu2LcBp,"5-14Yrs, Relapses, Female"
XJA5Tnp4ige,"5-14Yrs, Relapses, Male"
w9lSyKtVIyp,5-35M
TSn6wHGeow4,5-9 Days
cuzYiJYu6ze,5-9 Yrs
r81Q1Swne53,50+ Yrs
zBfI4dKmsP9,50+ Yrs
GSCOscBfwzz,"55-64Yrs, Female"
IdHcyee6Ger,"55-64Yrs, Male"
Xh1B4FoVCy8,"55-64Yrs, New Cases, Female"
blAzwbTfSo8,"55-64Yrs, New Cases, Male"
kaF6DKlwKhQ,"55-64Yrs, Relapses, Female"
yrwMhy1EzPE,"55-64Yrs, Relapses, Male"
Pt0EbyBeQJN,6
GC3TdzwM8OA,"6 - 11 Months, Female, Outreach"
TEIykBA5pf5,"6 - 11 Months, Female, Static"
fuvlp9uqcPd,"6 - 11 Months, Male, Outreach"
xZ6voDw6RH5,"6 - 11 Months, Male, Static"
s5nG0tOerwC,"6 - 11 Months, Outreach"
cg6HUEGPtVn,"6 - 11 Months, Static"
cje5Wg1l2tV,6 - 14 years
DHH7DenyMzU,6 to 14yrs
tHGCcGXMlWn,6 to 14yrs
ViivYHr14tU,6-12 yrs
bf7yp9JMhyj,6-12 yrs
f7VTbWuUFvc,6-12 yrs
zvjsgBqwafs,6-16Yrs
lf1SwXe8Jxp,6-23 months
bFMucwvx0ha,"6-23 months, Female"
fbJ1MmwCYqT,"6-23 months, Male"
K2AbWJVsxUG,6-59M
xxJwtBMIlNO,6-59M
kSsHODVTh7a,"6-59M, Cured"
Apxd5IvYszU,"6-59M, Defaulted"
CNrbrJKIimT,"6-59M, Died"
PObfNDvPh7c,"6-59M, Female"
e28eRwL6oXA,"6-59M, Female"
EsOipHKmvk7,"6-59M, Hospital"
EIqzVkXPt90,"6-59M, Male"
P8YqlZNwGZI,"6-59M, Male"
nSpHUUw1MdX,"6-59M, Medical Transfers"
q7S76J3D7nj,"6-59M, Non Cured"
jULJBb6CcLY,"6-59M, OTP"
kuabSPnfrSR,"6-59M, Other"
sZbbvEKdzmt,"6-59M, Other"
rSmHhRN6NP6,"6-59M, Stabilized to OTP"
QiVlw2HaSLj,"6-­11 Months, Outreach"
h32LMP75bkn,"6-­11 Months, Static"
vwSZkdqvVKt,60 Days - 9 Yrs
R14UqP9XyUS,60M-<12Yrs
ssTLQcysary,60M-<12Yrs
JDS0kIZhrRY,"60M-<12Yrs, Cured"
Mu9JijHu2PQ,"60M-<12Yrs, Defaulted"
vlYidSQhKLi,"60M-<12Yrs, Died"
Vjc5KnbjWja,"60M-<12Yrs, Female"
z3oVhF8f3z2,"60M-<12Yrs, Hospital"
oYoxxlbiHWu,"60M-<12Yrs, Male"
dKJXQPcc6ce,"60M-<12Yrs, Medical Transfers"
Xujed4bbSIh,"60M-<12Yrs, Non Cured"
NIvX7VxhhGQ,"60M-<12Yrs, OTP"
hJ45ATyEaim,"60M-<12Yrs, Other"
jRnEC12PjHD,"60M-<12Yrs, Other"
V02ZaSzALRm,"60M-<12Yrs, Stabilized to OTP"
DLUaKizYklw,"65+Yrs, Female"
TGAMWbLWgh8,"65+Yrs, Male"
EfNaCJEC7iw,"65+Yrs, New Cases, Female"
tm9LCQUz5Af,"65+Yrs, New Cases, Male"
WNjf6lFNL9e,"65+Yrs, Relapses, Female"
DlBa0OXrlXU,"65+Yrs, Relapses, Male"
Wz0v4iVFJ8D,6Weeks
OeedfgpjcVf,7
HYjLQJCSh6E,7Days
jTeSgAN0n81,8 +
MiDoGOrr6o6,9
PtVy1j01KkF,< 15 yrs
r4Uzhy0Am1T,< 15 yrs
uBnLT8w55Z4,"< 15 yrs, Female"
fzFeeiv1y1P,"< 15 yrs, Male"
WYTy5HDw1on,< 25 Years
Zw6UaQ8Aqrg,< 25 Years
WIraaqTRTB7,"< 25 Years, HIV +ve"
uDcyr0U5l98,"< 25 Years, HIV -ve"
E9wiPN3QaPG,"< 25 Years, Unknown"
jFciHliPJfr,< 30 Yrs
FpYJD2KDHk2,< 7 days (Early)
nPbEfFxbHYh,<18Yrs
dkne5qUuqji,"<18Yrs, Female"
dVpAze48tWO,"<18Yrs, Male"
e5QpPbl1x9B,<19
oFuKHz46B1Q,<20Yrs
ugu3u2LuVmF,<20Yrs
AtzH8a7Hz2H,<24Hrs
MAVBpb5DJEe,<24Hrs
AR4CItYztaj,<2M
GsLvyCiw6wb,"<2M, > 24Hrs"
zPyJv3tyJ9x,"<2M, Female"
Y4qe9rLHEXd,"<2M, Male"
QqSWs3HCYbO,"<2M, Within 24Hrs"
qqVSsOiVDKx,<5 Days
EmIiUiPzf9S,<5Yrs
FPN4D0s6K3m,<5Yrs
KtdvnUmLsCc,<5Yrs
N9F3kFcUUBB,<5Yrs
ayUZ46x726S,<5Yrs
iHa8C6H25Fa,<5Yrs
pE37AYgl7bx,<5Yrs
uNFc6FFhvlE,<5Yrs
urqveyJUHVZ,<5Yrs
OQG20mX2s0g,"<5Yrs, Female"
Emuz6WUzaqV,"<5Yrs, Inpatient"
a7AQuBdUHop,"<5Yrs, Male"
rDjtfPP342K,"<5Yrs, Out-patient"
DOkfWUJPXnV,"<5Yrs, in-patient death"
Ij5THbF8WMU,<60 Days
rhuUpiVSGOR,<6M
efZ3SuxmaBK,"<6M, Cured"
QLYBzAK8reh,"<6M, Defaulted"
HO630Zojstw,"<6M, Died"
KP7OAjKyW2o,"<6M, Hospital"
rTQNUYimNUO,"<6M, Medical Transfers"
JDumAOXm7CG,"<6M, Non Cured"
qPbsQeoo3fZ,"<6M, OTP"
A4G3xnby13V,"<6M, Other"
xDHle4gGhKv,"<6M, Other"
ANSg7jy8LKn,"<6M, Stabilized to OTP"
aeuNosPTrdF,<= 15 Yrs
ZHJv3idbA5D,"> 18 years, Female"
OnjAyr9cXob,"> 18 years, Male"
aUhIp9v2OJH,> 24Hrs
dmE2EvIWRLh,> 45 Yrs
yU9yktYTV7m,> 45 Yrs
BXnz9Co5gNt,> 49 Years
AhU9S2cvfND,>12Yrs
ptbDhVaywv8,">12Yrs, Female"
zPQbllWUBZB,">12Yrs, Male"
OPy4GlHXS8E,>15Yrs
vimAl96NKSp,>15Yrs
FJ2aEMUMQq8,">15Yrs, Female"
hNtrGfzqtMC,">15Yrs, Male"
V8ASMfxytS4,>5Yrs
zE8k2BtValu,>5Yrs
iZ65zR7GrNq,">5Yrs, Inpatient"
IXrckr67swf,">5Yrs, Out-patient"
X6zuKBLx0my,">5Yrs, in-patient death"
KRTUz36ZH3g,>60yrs
bDd6AwTAb7Q,>60yrs
scGFhnYXs1a,>72Hrs
TJEln1YMBUP,>9 Days
dIeAAGB2RDm,>= 3 doses
apDY4fQMbeR,>= 7 days (Late)
VzzxsCrYGxc,>=15 years
fsIKOSO6tBF,>=35
DjzbSpHZZ1G,>=40 Yrs
Xvu6rxkcLcS,ANC Clinic
j5oDOgD6jxm,ANC/PMTC
Ak82GCJSeL2,"ANC/PMTC, Adults  = 19 Yrs"
GAwIVPwDw6A,"ANC/PMTC, Moderate Undernutrition"
fsSslIBidEL,"ANC/PMTC, Normal Nutritional Status"
ibTnSxvrJcV,"ANC/PMTC, Overweight/Obese"
eHPTVESnK5C,"ANC/PMTC, Pregnant/lactating"
v3LjM1nyPUW,"ANC/PMTC, Severe Undernutrition"
UgdbNS3syLe,ART Clinic
QzG4zfltp42,Abnormal Breeding
XRfhuT6PK3r,Administrative
fNSqDUFv7Hb,Adult
f54i9LsWVba,Alive
DfPxMVfjndd,Ante Partum Heam
RhnOs2JTvJa,Audio
x3jKHhIn8oG,Audiovisual
DitNEefqCcQ,Availability of Drug
miWvntSqYnr,Availability of Supplies
IKd2hUZVbM1,BCG
HzynxoDR57N,"BCG, Bacterial Abscesses"
mZnpFHRXgM0,"BCG, Birth defect"
I5MHbE6gO5g,"BCG, Death"
m44BfzYUKH3,"BCG, Encephalopathy"
EPMQGfb3xGc,"BCG, High fever > 38 degrees celcius"
QVmaeFuE2Qr,"BCG, Lymphadenitis"
EUXXhcTm18i,"BCG, Paralysis"
uXjz3UiXhqI,"BCG, Seizures"
ePCJ4u243Gi,"BCG, Sepsis"
CcuTdCcGLzw,"BCG, Severe local reaction"
ifH5NLMRCSO,"BCG, Significant disability"
VEP6HzE6Cex,"BCG, Toxic shock syndrome"
fB2ss1GpjKp,"BMI for Age, 12 - 15 Years"
yaU0ktNInMN,"BMI for Age, 12 - 15 Years"
EOp0pzWofWq,"BMI for Age, 6-59M"
NYbAFkVNsda,"BMI for Age, 6-59M"
lQghqsscRic,"BMI for Age, 60M-<12Yrs"
xI9mnApV388,"BMI for Age, 60M-<12Yrs"
GFFNxZiqjXv,"BMI for Age, <6M"
zEIQDwIgh6H,"BMI for Age, <6M"
Q1uhi1ieGEc,Bacterial abscesses
XpiuVfVbWfd,"Bilateral Oedema, 12 - 15 Years"
fvRNPukchHc,"Bilateral Oedema, 12 - 15 Years"
SC2PHJDxiwJ,"Bilateral Oedema, 6-59M"
ULurK0zuiHy,"Bilateral Oedema, 6-59M"
QfV4EqL5ZHk,"Bilateral Oedema, 60M-<12Yrs"
y5Sh37PHf4v,"Bilateral Oedema, 60M-<12Yrs"
DcraDFgVaUN,"Bilateral Oedema, <6M"
ipd6SOOo4sd,"Bilateral Oedema, <6M"
DbRWGUFUjMo,Birth Defect
ePaA4AZazXs,Booklet
vV07YDJH9It,Breech
mfHtnblLcEK,CAID-AGYW
devL9Q79dbA,CRECOM-AGYW
C6LedQeXLSd,Case Management
I0sv6vo2Chn,Cases
OdQs1QzSrQV,Cases
R97pmXaLNIL,Cases
EMwO4GgXIq6,"Cases, Female"
ZUdIUFNhzZR,"Cases, Inpatient"
nekw197bgm4,"Cases, Male"
L61rext1WRh,"Cases, OPD"
TlM0M8iELOO,Catheter Associated Urinary Tract Infections (CAUTI)
aHt6YJsLEpe,Ceasarean Section
V06D3RqlBRx,Central Line Associated Bloodstream Infections (CLABSI)
djudxpFsgXw,Changing To New Method
quWtAxIrk4Z,Christian Aid
bgzd3bcuUFd,Clients Changing Methods
tFymTqZJnS6,Clinicians
z4ULaUIbALk,Community Involvement
PO92FoIZ6pl,Community volunteers
WWT98dOhFGp,Community volunteers
l6OU1ZzNb0c,Completed
Tns3Y8kFzFj,Confirmatory Inconclusive
yNEd9CP2PBZ,Confirmatory Positive
hJ3KuQi7AAY,Continuing Clients
ij9rjGRjLWX,Crutches/Walking frames
lCT2pwq3KNd,Culture and Smear not done
Sn0nwrsvuFT,Cured
O5WiHGHRwtT,"Cured, 12 - 15 Years"
ZjT0S9ppqVj,"Cured, 6-59M"
Le42A71OhrX,"Cured, 60M-<12Yrs"
nGr58RFIVpr,"Cured, <6M"
aR9pYjTR7Hy,DEPO
hyJKBeiHRpa,"DPT-HepB-Hib, Bacterial Abscesses"
uUR0ce3KsiX,"DPT-HepB-Hib, Birth defect"
gZPbWP3yobl,"DPT-HepB-Hib, Death"
jrxmweUAE7n,"DPT-HepB-Hib, Encephalopathy"
wq0ZxHrbfEt,"DPT-HepB-Hib, High fever > 38 degrees celcius"
CXIL0in6O49,"DPT-HepB-Hib, Lymphadenitis"
BoC4q5Ox2yS,"DPT-HepB-Hib, Paralysis"
wzqyAQp1KCv,"DPT-HepB-Hib, Seizures"
OuGbuaj1RO3,"DPT-HepB-Hib, Sepsis"
XkAixQCOMT0,"DPT-HepB-Hib, Severe local reaction"
SRJ00MpeweP,"DPT-HepB-Hib, Significant disability"
pPz7JzZqqjS,"DPT-HepB-Hib, Toxic shock syndrome"
EFys853EHbR,DPT­HepB­ Hib
x8wlKIJRaTn,Data Quality
x64aAUS3BwP,"Dead, 12 - 15 Years"
wgN3Hu1bBdv,"Dead, 6-59M"
gniFOfnIfrR,"Dead, 60M-<12Yrs"
dm8XIdRU1kg,"Dead, <6M"
SuCRqS6pLPY,Death
V0CxOw1LJSC,"Death, 5-12Yrs"
NLBobpmiCEH,"Death, <5Yrs"
QwKvcuzHox1,"Death, >12Yrs"
FLl1DDuMDMp,Deaths
Ioxpe95J36n,Deaths
JQgRf0ds954,Deaths
gFF3Swsbetb,Deaths
nc96EqpmXuF,Deaths
O4KKHyDHTRL,"Deaths, Female"
HWgtkKAbwIa,"Deaths, Inpatient"
n5KcxTCe3uT,"Deaths, Male"
MDCnSOE1N6Q,"Deaths, OPD"
y7h1gz97387,Defaulted
rwfbE6rfsl0,"Defaulted, 12 - 15 Years"
PrgA52oaRTd,"Defaulted, 6-59M"
sQqBZ1sj6Rz,"Defaulted, 60M-<12Yrs"
ryj5yNZOKqq,"Defaulted, <6M"
Td7DOkMrcNa,Determine HIV
KObrWt4LhTZ,Died
sPsSiDF4rRB,Died
u4CiiOYF5Fe,Died
Odr0cpEF4H0,Died After 24 Hrs
z1UvRxx6Xsa,Died Within 24 Hrs
crjsuxmWgfR,Direct NUT OTP
mvDVTDJvjYS,Discontinuing
MS5M0FrxObX,Doctors &  clinicians
BQTRYr1KIbm,Doctors and clinicians
WGhVu6srSDg,Effective Referrals
VtgZiel6VZw,Electric
GQNev5fzFgF,Encephalopathy
xdO2VWRlI6C,FPAM
VXmlTzoDk4y,Failed
CZcATPGQQXf,Female
Ow5K4gxnf5C,Female
TjVpn3wCd8z,Female
YtYqYlVPOqx,Female
b4wtGgXOryF,Female
d5RJQMxqYM8,Female
dkFlwN95FSX,Female
nSUUwvHgDTU,Female
GI5U1q5ek6G,Female Non-Pregnant
OB4KZPQ9DBV,Female Pregnant
xSyZtus05K4,"Female, 0 - 28 days"
HDdr2RUf0ay,"Female, 0-15 Yrs"
YddYZoMWZ9D,"Female, 0-4 Yrs"
kiv51wwNWTf,"Female, 0-4 Yrs"
u9WXeM8zlEz,"Female, 1 month - 5 years"
p6bpkM2Y5wu,"Female, 12 - 15 Years"
ujgemY1WaJm,"Female, 15-19Yrs"
ITvs5DVFEMe,"Female, 15-24Yrs"
FvnGfXs8gFX,"Female, 16+ Yrs"
VMwiwN2o0S6,"Female, 16+ Yrs"
p9rheOrlUXZ,"Female, 16+ Yrs"
fYUhGyQxj8h,"Female, 18+ yrs"
RCvuEQjDYhv,"Female, 18-29Yrs"
J5vazoR4LQV,"Female, 20 + Yrs"
mpfvZcPdh6Z,"Female, 25-49Yrs"
n0b1k9Ylm5M,"Female, 30-39Yrs"
fJuGkXgIgM0,"Female, 40-49Yrs"
Q2afpRKU12B,"Female, 5-14Yrs"
kXdydTBmEuj,"Female, 5-15 Yrs"
rm5ZXpO6elP,"Female, 5-15 years"
Hd7pPIHqasQ,"Female, 50+ Yrs"
eyOGgTau0NG,"Female, 50-59Yrs"
ZGLvaF8KLnV,"Female, 6 - 14 years"
EF3kEUz01a3,"Female, 6 - 17 Yrs"
oEHMmD62ui3,"Female, 6-59M"
Fgp9ZDTvNm3,"Female, 60-69Yrs"
M46qGM1yR9F,"Female, 60M-<12Yrs"
KNtzcawEHic,"Female, 70+Yrs"
YhEJqbab7dP,"Female, <18 yrs"
cbQeNYgKjeO,"Female, <5Yrs"
doHm6Lct9YN,"Female, <5Yrs"
xEyfHLom0vI,"Female, <6M"
hjiFVr3WDAg,"Female, Adult, Female"
uY1fZrNkD7X,"Female, Multibacillary"
OVEYHwdqNcA,"Female, Paucibacillary"
Ingnj6wxUy4,"Female, Peads, Female"
dGlrrkpjPkZ,Flip charts or Counselling cards
PEpIz3uFJ4a,Foetal distress (FD)
U3XgdyUdXqt,Follow-up NRU/ OTP
LJI3ontXyYS,"Follow-up NRU/ OTP, Female"
E2L7wo5cWFg,"Follow-up NRU/ OTP, Male"
K1eCUuepa1m,General clinic
kzGxOe8DOer,General in-patient
Fd8z1g4iijC,HIV +ve
bLerLMKYvkU,HIV -ve
hT3DLcDktLH,"HIV PMTCT Module, Christian Aid, CYDSE"
FX3pT8k6cra,"HIV PMTCT Module, Christian Aid, Chinansi Foundation"
E0qi9UkRP6x,"HIV PMTCT Module, Christian Aid, Christian Aid_1"
alvdHVAFWer,"HIV PMTCT Module, Christian Aid, Dream_1"
gKieCOYgeb7,"HIV PMTCT Module, Christian Aid, FOCUS"
yJ0ELPfytnO,"HIV PMTCT Module, Christian Aid, Feed the Children Inc"
CtHtBIYZjUx,"HIV PMTCT Module, Christian Aid, Glohomo"
Kw6e2y0rsug,"HIV PMTCT Module, Christian Aid, Karonga Diocese"
vuOKYHPD9J7,"HIV PMTCT Module, Christian Aid, LIHASO"
GhXnqlOAt42,"HIV PMTCT Module, Christian Aid, Lilongwe Diocese"
L2KoR1pAxMw,"HIV PMTCT Module, Christian Aid, MANERELA+"
vrb9GeNETTM,"HIV PMTCT Module, Christian Aid, Mzuzu Diocese"
egyAwjBfHn6,"HIV PMTCT Module, Christian Aid, WOLREC"
reQd136GPJa,"HIV PMTCT Module, Christian Aid, YONECO"
hNcQx4VFh6X,"HIV PMTCT Module, Dream, CYDSE"
xDcvQQWYR0S,"HIV PMTCT Module, Dream, Chinansi Foundation"
veSDVqp8E5Y,"HIV PMTCT Module, Dream, Christian Aid_1"
NbR9chWDnip,"HIV PMTCT Module, Dream, Dream_1"
X3kL2QRwMEP,"HIV PMTCT Module, Dream, FOCUS"
NUI9IhcOjmg,"HIV PMTCT Module, Dream, Feed the Children Inc"
QFOhJOhAUS3,"HIV PMTCT Module, Dream, Glohomo"
vmailhEAM6C,"HIV PMTCT Module, Dream, Karonga Diocese"
gnDLGVqsnCn,"HIV PMTCT Module, Dream, LIHASO"
ms6TALEYKSN,"HIV PMTCT Module, Dream, Lilongwe Diocese"
k7MZPqkiVIp,"HIV PMTCT Module, Dream, MANERELA+"
Bk176ftEkIE,"HIV PMTCT Module, Dream, Mzuzu Diocese"
yGZFBZcJ5u6,"HIV PMTCT Module, Dream, WOLREC"
pZQDRSHryrm,"HIV PMTCT Module, Dream, YONECO"
WNLicsnC0h2,"HIV PMTCT Module, ECM, CYDSE"
J1tgMDBSrNn,"HIV PMTCT Module, ECM, Chinansi Foundation"
y1CYQLY9m1R,"HIV PMTCT Module, ECM, Christian Aid_1"
VJcq9fktjZT,"HIV PMTCT Module, ECM, Dream_1"
gG2Wi0sngLp,"HIV PMTCT Module, ECM, FOCUS"
s8avyc5GWNM,"HIV PMTCT Module, ECM, Feed the Children Inc"
UslmKjZxF3u,"HIV PMTCT Module, ECM, Glohomo"
lCJTnqswe6Z,"HIV PMTCT Module, ECM, Karonga Diocese"
EUrn9i2FYAZ,"HIV PMTCT Module, ECM, LIHASO"
kcDTM6BiTME,"HIV PMTCT Module, ECM, Lilongwe Diocese"
UKD29HxsVo2,"HIV PMTCT Module, ECM, MANERELA+"
Qq1hBLgafAd,"HIV PMTCT Module, ECM, Mzuzu Diocese"
toqfcpc2FZB,"HIV PMTCT Module, ECM, WOLREC"
GmSchKVaxO3,"HIV PMTCT Module, ECM, YONECO"
OM0GKfMQfRQ,"HIV PMTCT Module, SAT, CYDSE"
hJ8Qmt4xnSd,"HIV PMTCT Module, SAT, Chinansi Foundation"
zBmOHL79t3x,"HIV PMTCT Module, SAT, Christian Aid_1"
IfCvTnq9HrS,"HIV PMTCT Module, SAT, Dream_1"
tJYZ1QseofS,"HIV PMTCT Module, SAT, FOCUS"
pBWg6mCm6c0,"HIV PMTCT Module, SAT, Feed the Children Inc"
IzThJYtsgIy,"HIV PMTCT Module, SAT, Glohomo"
NXvcmpL8KEu,"HIV PMTCT Module, SAT, Karonga Diocese"
viNxwQZN4WY,"HIV PMTCT Module, SAT, LIHASO"
MWxqwbaFdST,"HIV PMTCT Module, SAT, Lilongwe Diocese"
rfAoJyRbQdC,"HIV PMTCT Module, SAT, MANERELA+"
nZ9ARG6uYGH,"HIV PMTCT Module, SAT, Mzuzu Diocese"
a17gcE9GWuv,"HIV PMTCT Module, SAT, WOLREC"
TSz0QzfjY0t,"HIV PMTCT Module, SAT, YONECO"
CjdTC5DdJtL,"HIV Positive with MAM, 12 - 15 Years"
FV4I10I0SZB,"HIV Positive with MAM, 6-59M"
tXkjuBNhvoW,"HIV Positive with MAM, 60M-<12Yrs"
QXqKFI8qQMO,"HIV Positive with MAM, <6M"
lN4XA7zHg4U,HIV STI Age Group A(0-19 Yrs)
o22fU8OzFRb,HIV STI Age Group B(20-24 Yrs)
y4ErtpgYhD3,HIV STI Age Group C(Above 25 Yrs)
E31zEF0agEk,HIV STI Females Non-Pregnant
G1ehNXc4epO,HIV STI Females Pregnant
aVJKP3BdJ0G,HIV STI Index Cases
hG9w8eub32X,HIV STI Males
XSxYoekxqdc,HIV STI New +ve
wI3OpDsM7pB,HIV STI New +ve
EYNXl61gZmZ,HIV STI New -ve
M2phZqTHN0c,HIV STI New -ve
jjNWVBMsP5c,HIV STI Not Done
vuPJhZDMQQL,HIV STI Not Done
qx5LhD0iF1M,HIV STI Partners Asympt
nb8MZLbuJrA,HIV STI Partners Symptom
ZmNw6dBhnpU,HIV STI Previous +ve Not on ART
tczsBv03RE2,HIV STI Previous +ve Not on ART
X412fDigCP9,HIV STI Previous +ve on ART
bEqLCK2U7p5,HIV STI Previous +ve on ART
L4jezmlN5D5,"HPV, Bacterial Abscesses"
OC9VhkUCUQ4,"HPV, Birth defect"
t8dBdgbtPoy,"HPV, Death"
I9DkCyQNmj4,"HPV, Encephalopathy"
M7jQlKEkSqJ,"HPV, High fever > 38 degrees celcius"
Au6hRKvdBxY,"HPV, Lymphadenitis"
B0f32ZFn60o,"HPV, Paralysis"
HOlQfcCymaL,"HPV, Seizures"
l8jI5wb39PR,"HPV, Sepsis"
MEoyDTEI9rq,"HPV, Severe local reaction"
KoKTLhnFdWO,"HPV, Significant disability"
XxEUgxNYpyz,"HPV, Toxic shock syndrome"
V2AavmpHrAy,HTC Room
kV207Q4rla6,Hearing aids
l0tTq4bcdJr,High Blood Pressure
cKKFfJYm0Mg,High fever > 38 degrees Celsius
QyUrQH6Pqx6,Home/Tradition Birth Attendant
L5ectI92uDg,"Hospital, 12 - 15 Years"
AtWJfnq67br,"Hospital, 6-59M"
NWEfhq5WXJ3,"Hospital, 60M-<12Yrs"
GvQMNth2hSH,"Hospital, <6M"
LamBZeEUfps,Hotspot
Po5l0buP3Yy,"IPV, Bacterial Abscesses"
I9sqzi0JRKb,"IPV, Birth defect"
kaWoFpjPa2w,"IPV, Death"
PJf9ivWxgS5,"IPV, Encephalopathy"
RpzT7ndYBqJ,"IPV, High fever > 38 degrees celcius"
pjnaCzFceXv,"IPV, Lymphadenitis"
hJ7AN2yP9Gy,"IPV, Paralysis"
c4ui9JxN0V9,"IPV, Seizures"
vQNAAInKPe3,"IPV, Sepsis"
mGNBPZ9JcFw,"IPV, Severe local reaction"
ss4D3akmVqu,"IPV, Significant disability"
uGHBRQTb2el,"IPV, Toxic shock syndrome"
UgBeltPUK1H,Implant Implanon
NcQiR0MJMvC,Implant Jadelle
Zy4eLlxGzxk,Improved
kTMCipLbkra,In Transit
JOYh4Yy2WQN,Info-decision
FYxwCJy0PQr,Inpatient
LZIvWIW4WRm,Inpatient
SaVxn4jLUdB,Inpatient
ScYPAbN18SX,Inpatient
WTXs6H9emW5,Inpatient
tYfa4mMXDyH,Inpatient
zRx4tgOGOh8,Inpatient
W48FeJEuCFS,"Inpatient, 5-12Yrs"
EgZAx3g9p9B,"Inpatient, <5Yrs"
YI4O48n7kE0,"Inpatient, >12Yrs"
Sca6qA6JO6c,"Inpatient, Cases"
TbATwoOYAVA,"Inpatient, Deaths"
k4xdPBLypVi,"Inpatient, Female, 0-15 Yrs"
TX1dYf0ktL4,"Inpatient, Female, 16+ Yrs"
wKzpNvIfDF6,"Inpatient, Male, 0-15 Yrs"
SLpFd64pbaU,"Inpatient, Male, 16+ Yrs"
wfCj3nwgGwH,Lactating
TRtWA5UC3TQ,"Lactating, Female"
v9Z1M6twyS6,"Lactating, Male"
TP7wTzPcw14,Logistics
amKgfV74maB,Loop
n7n3k4v3hQO,Losses/Adjustments +ve
WrmZUuPBt3q,Losses/Adjustments -ve
PMTFKp2UHzE,Lost to follow up
o0XnB18DJVa,Lost to follow up
wYV2BhDcpmO,Lymphadenitis
CJ5raznAxrj,"MUAC*, 12 - 15 Years"
IeSUvwbHWTj,"MUAC*, 12 - 15 Years"
JrG0br7mR1O,"MUAC*, 6-59M"
XTYY1qgfm9P,"MUAC*, 6-59M"
PsKZhveAd35,"MUAC*, 60M-<12Yrs"
svgd0Ps40zo,"MUAC*, 60M-<12Yrs"
dFM9Uj73aOL,"MUAC*, <6M"
hTg3TFJIq3Y,"MUAC*, <6M"
SgyO6bt56Kj,"MV, Bacterial Abscesses"
vr7q11Y5fo6,"MV, Birth defect"
QmMH4sRtERh,"MV, Death"
QwqdNFvwMfu,"MV, Encephalopathy"
qDv9NvuXish,"MV, High fever > 38 degrees celcius"
wdDdZdoSCpb,"MV, Lymphadenitis"
dKq8hPIWrhI,"MV, Paralysis"
dZYJB5tnp8R,"MV, Seizures"
l0ehds5KryF,"MV, Sepsis"
DC1gDA0U6ZR,"MV, Severe local reaction"
ZXXvnfJEqvR,"MV, Significant disability"
PSvPIb2Yb7A,"MV, Toxic shock syndrome"
GYu4zYdfT4t,Male
Ln4EW3WJ95Z,Male
M1qfTDVAM0c,Male
Vo0eaFwZpAq,Male
YxJJ2Wtnaq1,Male
dLFohaaiq4C,Male
rxhPVbgP4pP,Male
x9miFkS6ljh,Male
ysM4aWdCh0s,Male
tDzjBTfxTLe,"Male, 0 - 28 days"
xsFVSmWDFol,"Male, 0-15 Yrs"
hcMZ1BHlQMm,"Male, 0-4 Yrs"
l53rvVdqGuN,"Male, 0-4 Yrs"
cBxAAjzrIVx,"Male, 1 month - 5 years"
K2Nbodb3Dx2,"Male, 12 - 15 Years"
eElQ7nC5KCf,"Male, 15-19Yrs"
LTiKY7UfhE0,"Male, 15-24Yrs"
BWcGuEamYn8,"Male, 16+ Yrs"
DJs4WJeh1u5,"Male, 16+ Yrs"
yjfiqDGtSiL,"Male, 16+ Yrs"
AkWn8Db03lx,"Male, 18+ yrs"
F20GFVpvhBR,"Male, 18-29Yrs"
glIdkCNwVlM,"Male, 20 + Yrs"
lUkfz2yEshI,"Male, 25-49Yrs"
un9KkcslFkS,"Male, 30-39Yrs"
powVnOKFpL0,"Male, 40-49Yrs"
vQqHi83lYsC,"Male, 5-14Yrs"
JGAl3QECHDk,"Male, 5-15 Yrs"
f7B1MHYy4bG,"Male, 5-15 years"
fuzB3U8vKzi,"Male, 50+ Yrs"
c9MW8ulxXbP,"Male, 50-59Yrs"
kWzGO4WwP9w,"Male, 6 - 14 years"
BXg701ht79M,"Male, 6 - 17 Yrs"
hBiN0Le3c84,"Male, 6-59M"
RAcacgEf5ju,"Male, 60-69Yrs"
n5M9CBLJjnl,"Male, 60M-<12Yrs"
TwiayKzlFeq,"Male, 70+Yrs"
iUbsCrgs6Q8,"Male, <18 yrs"
OzCFpdkUmyE,"Male, <5Yrs"
i1lVZu4cuo5,"Male, <5Yrs"
SpUlSdj1LEb,"Male, <6M"
jqn11t7st9m,"Male, Female, Male, Female"
A4CmnbUu9Ux,"Male, Male, Adult"
FTlFkmPUOnZ,"Male, Male, Peads"
fMFNHDzYRbo,"Male, Multibacillary"
gJ54DUYW6yV,"Male, Paucibacillary"
us5AM93rfME,Manual
IUWE6570YVb,Maternity
rxVdGdFhFJE,Maternity
ytUjil5JaKz,Maternity
HeiMIXnopS9,Measles
JalBxgOJb6M,"Measles/MR, Bacterial Abscesses"
atjmFUlHTeL,"Measles/MR, Birth defect"
I2THvhSkzzc,"Measles/MR, Death"
pAjvpodvmYC,"Measles/MR, Encephalopathy"
RJDEwzn1NR0,"Measles/MR, High fever > 38 degrees celcius"
Rzqii165pvS,"Measles/MR, Lymphadenitis"
gkTXlnYFAJB,"Measles/MR, Paralysis"
PGvrZxza7oi,"Measles/MR, Seizures"
bvS2ftaiHeY,"Measles/MR, Sepsis"
RcMbVtgcXIS,"Measles/MR, Severe local reaction"
fBkMYsRdIBB,"Measles/MR, Significant disability"
RtjgtHQgg4k,"Measles/MR, Toxic shock syndrome"
U9KK2ivWE03,Mobile
lNWwUCnq6aV,Mobile clinic
fdZBNxYFP0z,"Monthly, 12-­59 Months"
bhe0o60fENb,"Monthly, 6-­11 Months"
G2VedLzDxNB,"Monthly, Postnatal Mothers"
gxqXCzwpOqO,NCA-AGYW
gtAVoMPYRUg,NRU Transfer
jeX6Gy1eIBk,Negative
FrER306ztSW,Negative (Bacteriogic Result)
KkSLlCndw62,Never Tested
JDAdXAdxInc,New
YPycQo1sZN4,New
JdQWLjdtM8j,New Cases
SLe9Xo2ScK5,New Clients
XOeYWb69N1w,New Clients
bnAMGMLaQC7,New Clients
hN0CQsWF91p,New Inconclusive
I5L8ico3FcO,New Negative
HTOc1MdeLFE,New Positive
hGy4O0aDidB,New Positive Infant
tuixT0tcLlZ,New Quantity On Hand
yFVk5DavWvR,"New cases (Outpatient), Female, 0-15 Yrs"
q3SbLv3BCpl,"New cases (Outpatient), Female, 16+ Yrs"
gbcHe8nzAFd,"New cases (Outpatient), Male, 0-15 Yrs"
K95OojzLN1G,"New cases (Outpatient), Male, 16+ Yrs"
B2ceUUTiMPX,New visit
JFVUfVuTp6c,Non Reactive
qEwwxFZVX7c,Non Reactive
fyMUQSfro2z,"Non-pregnant women of CBA, Outreach, Td1"
oTvYHlcftAc,"Non-pregnant women of CBA, Outreach, Td2"
AGICAaiRdfh,"Non-pregnant women of CBA, Outreach, Td3"
pM2WJzwnYvn,"Non-pregnant women of CBA, Outreach, Td4"
Oy2BoTw63WF,"Non-pregnant women of CBA, Outreach, Td5"
VR8GxFVadjW,"Non-pregnant women of CBA, Static, Td1"
zjjR9qDJM3F,"Non-pregnant women of CBA, Static, Td2"
sC2KvkQdJ9m,"Non-pregnant women of CBA, Static, Td3"
cJXUKYuKghd,"Non-pregnant women of CBA, Static, Td4"
jf94UGJxXmC,"Non-pregnant women of CBA, Static, Td5"
sUJu7Rrwnqf,"Non-pregnant women of CBA, Td1"
ilp7FL283ki,"Non-pregnant women of CBA, Td2"
X3wL9Dv8IQ1,"Non-pregnant women of CBA, Td3"
ebDFxuz6EN3,"Non-pregnant women of CBA, Td4"
s9bOyev26fk,"Non-pregnant women of CBA, Td5"
Xz3xUFYeTkZ,"Non-rensponse, 12 - 15 Years"
dhTqUjRv14z,"Non-rensponse, 6-59M"
kV39tQPRZnL,"Non-rensponse, 60M-<12Yrs"
N4n1MChKFRX,"Non-rensponse, <6M"
XvMqbLpCTt8,None
vnXtr0fd9mv,Not Done
sDwmjhTjhMF,Not Evaluated
GoX45uTUUCH,Not on ART
QxMc9xXFdzZ,Not on ART
Y416M7Sz8eZ,Not on ART
qOlG9Ub135K,"Number Supplemented, 12-­59 Months"
YU5g597LVqy,"Number Supplemented, 6-­11 Months"
IcBsyfhUBEp,"Number Supplemented, Postnatal Mothers"
ArKpqJUovY7,Nurses
G3Bu7iYhZzm,Nurses
cAW1RpomUkg,Nurses
LujtXWT8lYR,OPD
SbSssS0dF3y,OPD
THSQBWhPWEY,OPD
XZ7L28afOxI,OPD
wdlZpw3iDQI,OPD
fnlXB12kfmd,"OPD, Adults  = 19 Yrs"
Rp2oqcLiKvx,"OPD, Moderate Undernutrition"
Pp6crLBXRDU,"OPD, Normal Nutritional Status"
CrZpTRvCKxp,"OPD, Overweight/Obese"
R8qlykUyFuU,"OPD, Pregnant/lactating"
rwfQgOyIH4C,"OPD, Severe Undernutrition"
shFrBItOnmS,OPV
BykWQ3ObDtd,"OPV, Bacterial Abscesses"
rwoQyevgGOz,"OPV, Birth defect"
ryVbsKdZvKq,"OPV, Death"
sKyOKPADAAE,"OPV, Encephalopathy"
spbUeVnLNdY,"OPV, High fever > 38 degrees celcius"
KlUgOnNYiPt,"OPV, Lymphadenitis"
VICC8Yaz7nK,"OPV, Paralysis"
KJ8YHlo7MRD,"OPV, Seizures"
fia70ncKCuR,"OPV, Sepsis"
mltd73Uwigx,"OPV, Severe local reaction"
BLtDfpoI9Wf,"OPV, Significant disability"
PtS27aDPTsq,"OPV, Toxic shock syndrome"
idDgOVDwKej,"OTP, 12 - 15 Years"
YuIxFDP8kzn,"OTP, 6-59M"
MTcB8g1TYCq,"OTP, 60M-<12Yrs"
R7W0bXbWsPN,"OTP, <6M"
Ht1Pz8Kn2k3,Obstr/Prol Labor
zgv0sK9t7iR,On ART
DqSyuOT5XSd,On ART Before ANC
PqP17Vn3IK6,Orthotics
Rm7kHcMAKR8,Other
SmF1OhumaB0,Other
XfbJ9UKdWJc,Other
bF3YRYbMtmU,Other
bUGcyqOcC07,Other (VCT etc)
yYSc2wTuJSW,Other Side Effects
xJ9EuhUKRBI,Other Wards
bjUBcoxyqGr,Other community point
NQfWl3B9RmL,Other point in HF
QCc1h4RMZYN,Other providers 
lKaqtk6XGoN,Other providers 
ZpYxuOXBFn7,"Other, 12 - 15 Years"
ZvlReeEYus7,"Other, 12 - 15 Years"
jMVPWTn0xVg,"Other, 12 - 15 Years"
FU5C8pDeNfT,"Other, 6-59M"
kPD0NlJCr9e,"Other, 6-59M"
pCEWiPjIgJS,"Other, 6-59M"
IuDhantEkvU,"Other, 60M-<12Yrs"
aDyQiRNPKRc,"Other, 60M-<12Yrs"
xGFfPcnUpai,"Other, 60M-<12Yrs"
DnfBqdJs64N,"Other, <6M"
FEu1gHcdfz2,"Other, <6M"
xXa1pCDrSLH,"Other, <6M"
t1dk7vCfFU6,"Other, Adults  = 19 Yrs"
eX0pzgLOJ4w,"Other, Female"
vl3M1AtMEmk,"Other, Male"
Mv1a8yl6XRH,"Other, Moderate Undernutrition"
sxFY1KKAN0C,"Other, Normal Nutritional Status"
WDIn2gwHKmr,"Other, Overweight/Obese"
S8jkxTeYbYq,"Other, Pregnant/lactating"
LylRJPBs4kH,"Other, Severe Undernutrition"
R2qiSvs4zGK,Others
V0alZCf4cvz,Others
EuPEI6UeEjC,Out-patient
RvIMENIe5gM,Out-patient
msVec8ouKlg,Out-patient
r5y1OhbWdZs,Out-patient
yh6uUuFVGDN,Out-patient
nZOINV0OnfN,"Out-patient, 5-12Yrs"
jvK8Xhj01w6,"Out-patient, <5Yrs"
qVM1Ds30gH4,"Out-patient, >12Yrs"
MhAtZsUkDi5,"Out-patient, Cases"
qrp0UbIqmmF,"Out-patient, Deaths"
O7W1KYVnEVp,Outreach
czomyGc9xby,Outreach
kVTGmhgf7wQ,Outreach
ncuvhAmA87L,Outreach
heiO5lIn7Cs,"Outreach, 22-36 Months"
ruCpsBjoRq4,"Outreach, Discarded"
ZLgaeoPf0bg,"Outreach, Female"
LHkKnWYPRBE,"Outreach, Male"
zKLduwqZFnh,"Outreach, Over 1"
q4ClgnrIxOe,"Outreach, TT1"
XK12WJRTqmF,"Outreach, TT2"
Mr0gDzjWF24,"Outreach, TT2+"
EnZqOrjej7x,"Outreach, TT3"
fTxSdZxLddY,"Outreach, TT4"
aqKOhKjTcq8,"Outreach, TT5"
H5xzz0m9zyd,"Outreach, Under 1"
ipKITPnwlcP,"Outreach, Under 1"
kew8jiELEmL,"Outreach, Used"
FUJ16vdFLgs,Over 1
kNiYVA6dFXq,"Over 1, Outreach"
IeTOBcyOOk4,"Over 1, Static"
gMglEzGBDRB,PCV
UktdkHknJbW,"PCV, Bacterial Abscesses"
opFyRApeg6i,"PCV, Birth defect"
j25CKvyXL2w,"PCV, Death"
s0AUta6B7qh,"PCV, Encephalopathy"
D5cg0nkggEI,"PCV, High fever > 38 degrees celcius"
JRChBkWc3ok,"PCV, Lymphadenitis"
TgWc3gfnLMN,"PCV, Paralysis"
JsEjaIhDDfd,"PCV, Seizures"
M7Gu7z76MB0,"PCV, Sepsis"
GbNBwKROyDx,"PCV, Severe local reaction"
sZ9tuvX0GC7,"PCV, Significant disability"
uQ0NDg7rI3G,"PCV, Toxic shock syndrome"
YEQbBHPe6p9,PITC
M2Dlk6agRXt,PLAN-AGYW
MyjmA8zSDAo,PRS
SR3RSzmj8Di,Paeds
tcUlmAugFOH,Paralysis
TPK6lhdT2Hk,Partner Not Present
bMzWLKnXvsI,Partner Present
Jvta0Cppabt,Peads
BaVWeRazsW0,Pelvic infection
jMc7yHceX2Q,Penguin
c3oNDFdgqjY,Pharmacist and Pharmacy technicians
dIaLRxCl9wf,Pharmacy workers
FIU9cdiQCol,Physical Examination
i52tS2mmImS,Positive
S1DV9fyI0Jh,Positive (Bacteriogic Result)
ZGX8SK5P435,Post Partum Heam
r9W3beiDwCf,Posters
xprBmf6aoxX,"Postnatal Mothers, Female, Outreach"
xLZW9fzZMdq,"Postnatal Mothers, Female, Static"
J338EW2OLHO,"Postnatal Mothers, Male, Outreach"
rRWXLwd8j0w,"Postnatal Mothers, Male, Static"
Q3z4PEAGJPk,"Postnatal Mothers, Outreach"
Z3T7DdO1dHu,"Postnatal Mothers, Outreach"
BazVKQ6ZpCq,"Postnatal Mothers, Static"
e1unLNsDUiX,"Postnatal Mothers, Static"
XzdUkZeY977,Pre-ART/ART
HmcTtZe7YRP,"Pre-ART/ART, Adults  = 19 Yrs"
tKvixZeMbtc,"Pre-ART/ART, Moderate Undernutrition"
Pzg7oHWiWzM,"Pre-ART/ART, Normal Nutritional Status"
K6nOyDfDRAE,"Pre-ART/ART, Overweight/Obese"
kHEyGkjM887,"Pre-ART/ART, Pregnant/lactating"
rukBAopeQWI,"Pre-ART/ART, Severe Undernutrition"
ter94Hm3PfU,Pregnancy
ZVrmcCQ8EKg,Pregnant
v8UlsCp6RTi,"Pregnant women, Outreach, Td1"
zKvAzopOfMq,"Pregnant women, Outreach, Td2"
fgRdWjPgNhY,"Pregnant women, Outreach, Td3"
wu9dfmpb8R8,"Pregnant women, Outreach, Td4"
CW5V3g1rGup,"Pregnant women, Outreach, Td5"
Y0oKwoxLmfB,"Pregnant women, Static, Td1"
rX6HhzjkC63,"Pregnant women, Static, Td2"
ftfQcyXJfc9,"Pregnant women, Static, Td3"
ggMAma5by6E,"Pregnant women, Static, Td4"
KTII5gIVUpu,"Pregnant women, Static, Td5"
FUyKlZuQ0op,"Pregnant women, Td1"
p1eVusA8ewZ,"Pregnant women, Td2"
hkiWKCld6Gb,"Pregnant women, Td3"
ddOrYP9LWcZ,"Pregnant women, Td4"
exF4t64yYbj,"Pregnant women, Td5"
hOuZwGInE8c,"Pregnant, Female"
zPMHspLaVKw,"Pregnant, Male"
uj3sFKLivwI,Pregnant/lactating
VQiJK0FIFSX,"Pregnant/lactating, Default"
VPv7G5m4syJ,"Pregnant/lactating, Died"
DMeMbwt3Sjo,"Pregnant/lactating, Non-recovered"
tfGkStQ0Upk,"Pregnant/lactating, Transferred out"
P6hcq0MpR8u,"Pregnant/lactating, Transitioned"
ezMtOgig3e6,Premature labour (pl)
IR1LWFnrBxe,Prev Exposed Infant
Z9RzCoqiBLB,Prev Inconclusive
N4Nw314xd9b,Prev Negative
t2vLxuHTRZL,Prev Positive
zX3rggDO8m0,Previously Treated with FLDs
VupriA8wmoC,Previously Treated with SLDs
OOoIJume6L0,Prosthetics
jca4knDjEsf,Quantity Dispensed
KxYXcmaWRcU,Quantity Issued
pKlbbLAPP1b,Quantity On Hand
LE1Vm6mqp9Y,ROTA
KnrMoNeitVN,"ROTA, Bacterial Abscesses"
FTMYsSKZrlx,"ROTA, Birth defect"
cG3o9OE3Bmo,"ROTA, Death"
EOyg85FPysK,"ROTA, Encephalopathy"
OUw4MNHUzBL,"ROTA, High fever > 38 degrees celcius"
wYkmuupJzV8,"ROTA, Lymphadenitis"
ZnepR09oQqE,"ROTA, Paralysis"
JYKpMjweyAQ,"ROTA, Seizures"
z7KRKDOOKxk,"ROTA, Sepsis"
ul3BBk8XyxY,"ROTA, Severe local reaction"
oAztQdp2DfA,"ROTA, Significant disability"
PM6VGUl2fee,"ROTA, Toxic shock syndrome"
VrBgkdWJor3,Raptured Uterus
PjZkaZB1YaH,Reactive
sX0eN4xhLva,Reactive
GbMp6tMdNkC,Referral In
f6Gb4B2itFo,Referral In
HBaRm6rAz86,Referral Out
uhAZsifAHn8,Referral Out
FRhizlSNcFf,Referrals
TYaY6QLoEMa,Restarting
qffHiXEve5i,Retained placenta (RP)
IvRGI9ujj5P,Returning Clients
XfKIQXzpGkm,Revisits
bE6vZMe7uHa,Revisits
qDrlQlY19d0,Revisits
vs0Gf1sBUjk,SAT
xqbG4BkxGQf,School
R0cH8jDzpuW,Seizures
AGi3FGB8wrb,Sepsis
N6Kp9pEEqSI,Sepsis
XcuFjdLyZs9,Severe Headache
QDGV8H0gM6W,Severe local reaction
bbVLlfD99ZJ,Side Effects
QR11IpUU1Si,Significant Disability
GPWGZyfWcUJ,Single Negative
UrgJVrCnE0h,Single Positive
PJEmG4BbHTf,Singletons
PU1orypSRHE,Specialist clinic
cHqpRvv6PuT,Spontaneous
mHUeH2KKajo,Start ART 0-27 weeks
jCWx8luh4FJ,Start ART 28+ weeks
xmKtsiRYAXz,Start Before Pregnancy
hPVDsUM32VS,Start During Labor
jMqmEmzruFg,Start In 1st or 2nd Trimester
UyOtLy9DhPs,Start In 3rd Trimester
FhzKM3rYhFp,Static
M6Uu8GIqZES,Static
WtO7HOlQpZv,Static
bynRt3ic3AU,Static
yqszvXV2s8u,Static
k4MfKNU5WDq,"Static, 22-36 Months"
AxKWut7Oh3h,"Static, Discarded"
TpcUZ7K5l6K,"Static, Female"
uFc9OWXlyO1,"Static, Male"
r2NJTUrJ2TL,"Static, Over 1"
VbpAWko67X2,"Static, TT1"
NxzFPAD8Xtb,"Static, TT2"
TZsxxVKnxFU,"Static, TT2+"
HF7lf8fGRPj,"Static, TT3"
SHN22iwVPLR,"Static, TT4"
QxWu3BJziHg,"Static, TT5"
UHR4d8LgGou,"Static, Under 1"
goHo0wV2Gx1,"Static, Under 1"
g4AV7Dm0NfU,"Static, Used"
JmFPRmJhb7B,Subsequent
VZjLWh3grrm,"Subsequent Cases (Outpatient), Female, 0-15 Yrs"
N0ZNFHkKIeP,"Subsequent Cases (Outpatient), Female, 16+ Yrs"
nFwwzwT2doO,"Subsequent Cases (Outpatient), Male, 0-15 Yrs"
XBp6zuqQDRe,"Subsequent Cases (Outpatient), Male, 16+ Yrs"
ch1WEdhDUuB,Support staff
oozZVqEiQui,Surgical Site Infections
zSbsxCY83vR,TB
pWilBsjZTD9,"TB Module, Christian Aid, CYDSE"
EuI2oRNzO0S,"TB Module, Christian Aid, Chinansi Foundation"
Xq66ptvJ8nk,"TB Module, Christian Aid, Christian Aid_1"
DcWOj8i8Umz,"TB Module, Christian Aid, Dream_1"
yAlpBX68P8T,"TB Module, Christian Aid, FOCUS"
toSBf5isSXH,"TB Module, Christian Aid, Feed the Children Inc"
ckG58EiVioF,"TB Module, Christian Aid, Glohomo"
Gv3tFEFLkgP,"TB Module, Christian Aid, Karonga Diocese"
Cl9Qpg5mJUa,"TB Module, Christian Aid, LIHASO"
y2L4Un6aB6D,"TB Module, Christian Aid, Lilongwe Diocese"
LOBgGxlCPC2,"TB Module, Christian Aid, MANERELA+"
P4jYnCfOyEZ,"TB Module, Christian Aid, Mzuzu Diocese"
laet1BHxryN,"TB Module, Christian Aid, WOLREC"
WfEbcLPPFTn,"TB Module, Christian Aid, YONECO"
v2JDGWmJmBP,"TB Module, Dream, CYDSE"
GO2NOutLNU4,"TB Module, Dream, Chinansi Foundation"
itOVkp3tVG6,"TB Module, Dream, Christian Aid_1"
CJOxQq0MsYf,"TB Module, Dream, Dream_1"
UmB0GFeEjeo,"TB Module, Dream, FOCUS"
vmRh8Bm8WUO,"TB Module, Dream, Feed the Children Inc"
rYBkMS4QvDb,"TB Module, Dream, Glohomo"
wjl5lkWRdJ9,"TB Module, Dream, Karonga Diocese"
DBZ66xSITzs,"TB Module, Dream, LIHASO"
vh6pLhwPF1R,"TB Module, Dream, Lilongwe Diocese"
wi5USns0Zam,"TB Module, Dream, MANERELA+"
KL7AbPoJD5O,"TB Module, Dream, Mzuzu Diocese"
qpcxrkg0XTj,"TB Module, Dream, WOLREC"
gsWHqqsvmWc,"TB Module, Dream, YONECO"
pavHtocmHLl,"TB Module, ECM, CYDSE"
v86O3gj1XQ9,"TB Module, ECM, Chinansi Foundation"
mqxnXxQN669,"TB Module, ECM, Christian Aid_1"
P6D1V7e2c7h,"TB Module, ECM, Dream_1"
V6svSEPgIjI,"TB Module, ECM, FOCUS"
xeYgvBoaikq,"TB Module, ECM, Feed the Children Inc"
LaQpp2dPN1u,"TB Module, ECM, Glohomo"
CyhxcM6KmIQ,"TB Module, ECM, Karonga Diocese"
c68t7Wk9XoL,"TB Module, ECM, LIHASO"
Sd6QlKjMzSk,"TB Module, ECM, Lilongwe Diocese"
ZFtHlDcdJ2Z,"TB Module, ECM, MANERELA+"
MyGorjRoUMm,"TB Module, ECM, Mzuzu Diocese"
zmjbOxIcZUx,"TB Module, ECM, WOLREC"
JnS8cddLae5,"TB Module, ECM, YONECO"
nvFP4hYaoG3,"TB Module, SAT, CYDSE"
eWZIUCUjOlJ,"TB Module, SAT, Chinansi Foundation"
RmYdGgV54Da,"TB Module, SAT, Christian Aid_1"
VfWESqwmQOa,"TB Module, SAT, Dream_1"
Zv3IQt1nNvl,"TB Module, SAT, FOCUS"
IKJubD8okKk,"TB Module, SAT, Feed the Children Inc"
MVKWNzRHuqU,"TB Module, SAT, Glohomo"
zkRw6xwdtxu,"TB Module, SAT, Karonga Diocese"
mZjKi36jNPk,"TB Module, SAT, LIHASO"
yXI24AkjQf0,"TB Module, SAT, Lilongwe Diocese"
Z4kVYnJveLT,"TB Module, SAT, MANERELA+"
udrBEVaxWwS,"TB Module, SAT, Mzuzu Diocese"
qjNCIo5dUAi,"TB Module, SAT, WOLREC"
tXzPyJarGrJ,"TB Module, SAT, YONECO"
OuHS9KwghJx,"TB, Adults  = 19 Yrs"
Iodx6uwAsNP,"TB, Moderate Undernutrition"
NXLZtqSopcx,"TB, Normal Nutritional Status"
Qy8HpPbdOPo,"TB, Overweight/Obese"
WrFlYebiVyt,"TB, Pregnant/lactating"
lTF6pOZbgeU,"TB, Severe Undernutrition"
JhctFSCtDXY,TT
MWMaArdbJ2y,"TT/Td, Bacterial Abscesses"
LWMz8aMKe3G,"TT/Td, Birth defect"
zhf7SmRLOBt,"TT/Td, Death"
GqIoLWljn2v,"TT/Td, Encephalopathy"
ZJCJQeKAIp7,"TT/Td, High fever > 38 degrees celcius"
xmzXYzpnem8,"TT/Td, Lymphadenitis"
R5PTsj1f4na,"TT/Td, Paralysis"
oPAsier4S0v,"TT/Td, Seizures"
XZnRHnFKXMp,"TT/Td, Sepsis"
rJfaTyqHdSh,"TT/Td, Severe local reaction"
BpPUhIEd0K0,"TT/Td, Significant disability"
k4s9eb1boLy,"TT/Td, Toxic shock syndrome"
Av3ROx4RE76,TT1
DU4IbmxRYuv,TT2
m1xiunDTPKZ,TT2+
LbiqvzNmJxp,TT3
wMApy4n6h4o,TT4
KBgZ3LXVQQV,TT5
TqZQ8VHNWZk,Technical
EjGcN4c0YFU,Test 1&2 Discordant
wTtLDAH4Qoe,Test 1&2 Negative
k7AP18uKcv5,Test 1&2 Positive
xrBaPKmsPUT,This Facility
QX3FGnQKA1Y,Toxic Shock Syndrome
sRzGA4fxk7z,"Transfer From SFP, 12 - 15 Years"
oysCvZIRYUJ,"Transfer From SFP, 6-59M"
zdCQ1wHgj1L,"Transfer From SFP, 60M-<12Yrs"
VCrdcN7f4gJ,"Transfer From SFP, <6M"
UoajZXFbPLO,"Transfer from NRU, 12 - 15 Years"
gH9EyU7y50X,"Transfer from NRU, 12 - 15 Years"
PbXvjRkGuNJ,"Transfer from NRU, 6-59M"
tY1vpnkRRFb,"Transfer from NRU, 6-59M"
bqGdXX0KZ2v,"Transfer from NRU, 60M-<12Yrs"
q8HGFReHusF,"Transfer from NRU, 60M-<12Yrs"
gLXxeH9exhv,"Transfer from NRU, <6M"
wRhtBRYrMu0,"Transfer from NRU, <6M"
ksdv0Rix2RR,"Transfer from Other, 12 - 15 Years"
wTbOacE1kR7,"Transfer from Other, 12 - 15 Years"
KA93vUSvAgS,"Transfer from Other, 6-59M"
zon4EvIj8HX,"Transfer from Other, 6-59M"
MbTv1Q9RJT5,"Transfer from Other, 60M-<12Yrs"
yFQ2WNuY2tl,"Transfer from Other, 60M-<12Yrs"
XlqQ6pZS5rx,"Transfer from Other, <6M"
hR7rQYErevE,"Transfer from Other, <6M"
DgKxkOhdd4E,Transfer out
llMoG5mmntI,Transfer out
mfwKNWYQcGl,Tubal Ligation
W3Angorx03z,Twins/Triplets
drqrex6szxx,Under 1
G5G3ssAgLIh,"Under 1, Outreach"
JnMvqLEMRHc,"Under 1, Static"
CXJWcrFmLT5,Under 5
tPYaXz8isg4,Uni-Gold HIV
GdSxNDxvOd0,Unknown
WVdKjaGD7Rd,"Unknown, Female"
YbTAtL9wH1T,"Unknown, Male"
fRfV2z3Exuu,"Unknown, New Cases, Female"
q5RoHLHx7ZN,"Unknown, New Cases, Male"
y3SGPGLWilC,"Unknown, Relapses, Female"
DqjB1y8HJOl,"Unknown, Relapses, Male"
lXUmR8uAa1D,"VCT, stand-alone"
ilIque5635Q,VDRL status - Negative
gKO6411U6G0,VDRL status - Positive
aGLyIIqSke2,VDRL status - Unknown
oILLkWsYAHg,Vacuum Extraction
kKablbVRnSR,"Vitamin A (100 000 ius), Outreach"
IdHlwbYKUyO,"Vitamin A (100 000 ius), Static"
iw1XlWo2KZZ,"Vitamin A (200 000 ius), Outreach"
LAe0tPa2Mlx,"Vitamin A (200 000 ius), Static"
GpcrDad9I35,"WH<-3Z scores, 12 - 15 Years"
wmQcPI2G84a,"WH<-3Z scores, 12 - 15 Years"
RLZHPzv7Wkz,"WH<-3Z scores, 6-59M"
UwwbAwKFNdF,"WH<-3Z scores, 6-59M"
CQFLcgq3Swd,"WH<-3Z scores, 60M-<12Yrs"
joWz7vhEwdW,"WH<-3Z scores, 60M-<12Yrs"
kYP2o5ZAxEI,"WH<-3Z scores, <6M"
tQOy0aM8aip,"WH<-3Z scores, <6M"
JjwGts6TBoW,WVI-AGYW
qpaO50qCWA7,Want Another Child
ZMJDPT1kDcv,Water and Sanitation
dLsgXxpsadU,Wheel chairs
QujEL6RRODp,"Workplace, formal"
LijOWuZOKJ1,"Workplace, informal"
Tt7fU5lUhAU,default
SrxErIVXnG8,in-patient death
OCBXAxlyrLq,leaflets
kduTrfcBQPz,"rertuned defaulter, 12 - 15 Years"
WWCQmMGi3d9,"rertuned defaulter, 6-59M"
p98PvZpNF9v,"rertuned defaulter, 60M-<12Yrs"
GtpZldL566g,"rertuned defaulter, <6M"
zPPamnmRa5b,stopped
HxzJbpzXTae,=  19 Yrs
vyJKQTZEmFJ,"=  19 Yrs, Default"
nzXJSGV2D7j,"=  19 Yrs, Died"
FVBvPRpE2c2,"=  19 Yrs, Non-recovered"
jnEBuYLRJKV,"=  19 Yrs, Transferred out"
vh0mMjdq50P,"=  19 Yrs, Transitioned"
